<?xml version="1.0" encoding="UTF-8" ?>
<!DOCTYPE log4j:configuration SYSTEM "log4j.dtd">
<log4j:configuration xmlns:log4j="http://jakarta.apache.org/log4j/">

    <!-- ====================================================================== -->
    <!-- A P P E N D E R S                                                      -->
    <!-- ====================================================================== -->

    <!-- console -->
    <appender name="console" class="org.apache.log4j.ConsoleAppender">
        <layout class="org.apache.log4j.PatternLayout">
            <param name="ConversionPattern" value="[%d{HH:mm:ss}]:[%5p]: %l :%m%n"/>
        </layout>
    </appender>

    <!-- error.log -->
    <appender name="error" class="org.apache.log4j.FileAppender">
        <param name="File" value="logs/jackrabbit.log"/>
        <layout class="org.apache.log4j.PatternLayout">
            <param name="ConversionPattern" value="%d{dd.MM.yyyy HH:mm:ss} *%-5p* %c{1}: %m (%F, line %L)%n"/>
        </layout>
    </appender>

		<logger name="com.flamingrain">
		   <level value="debug" />
		</logger>

		<logger name="org.springframework">
		   <level value="info" />
		</logger>

    <!-- ====================================================================== -->
    <!-- L O G G E R S                                                          -->
    <!-- ====================================================================== -->

    <root>
        <level value="error" />
        <appender-ref ref="console"/>
        <!-- <appender-ref ref="error"/> -->
    </root>

</log4j:configuration>
