<?xml version="1.0" encoding="UTF-8"?>
<beans
      xmlns="http://www.springframework.org/schema/beans"
      xmlns:xsi="http://www.w3.org/2001/XMLSchema-instance"
      xmlns:tx="http://www.springframework.org/schema/tx" 
      xsi:schemaLocation="http://www.springframework.org/schema/beans 
      http://www.springframework.org/schema/beans/spring-beans-2.5.xsd 
      http://www.springframework.org/schema/tx 
      http://www.springframework.org/schema/tx/spring-tx-2.5.xsd" 
      default-lazy-init="true">
      
    <!-- START Load application properties -->
    <bean id="propertyConfigurer"
       class="org.springframework.beans.factory.config.PropertyPlaceholderConfigurer">
       <property name="location"><value>WEB-INF/hibApplication.properties</value></property>
    </bean>
    <!-- END Load application properties -->

    <!-- START HIBERNATE CONFIG -->
    <!-- Configure SessionFactory -->
    <bean id="sessionFactory" class="org.springframework.orm.hibernate3.annotation.AnnotationSessionFactoryBean">
      <property name="annotatedClasses">
            <list>
                  <value>com.af.core.domain.ProductsH</value>
            </list>
      </property>

      <property name="hibernateProperties">
            <props>
                  <prop key="hibernate.show_sql">${hibernate.show_sql}</prop>
                  <prop key="hibernate.format_sql">${hibernate.format_sql}</prop>
                        <prop key="hibernate.transaction.factory_class">${hibernate.transaction.factory_class}</prop>
                        <prop key="hibernate.dialect">${hibernate.dialect}</prop>
                        <prop key="hibernate.c3p0.min_size">${hibernate.c3p0.min_size}</prop>
                        <prop key="hibernate.c3p0.max_size">${hibernate.c3p0.max_size}</prop>
                        <prop key="hibernate.c3p0.timeout">${hibernate.c3p0.timeout}</prop>
                        <prop key="hibernate.c3p0.max_statements">${hibernate.c3p0.max_statements}</prop>
                        <prop key="hibernate.connection.driver_class">${jdbc.driverClassName}</prop>
                        <prop key="hibernate.connection.url">${jdbc.url}</prop>
                        <prop key="hibernate.connection.username">${jdbc.username}</prop>
                        <prop key="hibernate.connection.password">${jdbc.password}</prop>
            </props>
      </property>
    </bean>

    <!-- enable the configuration of transactional behavior based on annotations -->
    <tx:annotation-driven transaction-manager="txManager"/>

    <bean id="txManager" class="org.springframework.orm.hibernate3.HibernateTransactionManager">
      <property name="sessionFactory"><ref local="sessionFactory"/></property>
    </bean> 

    <bean class="org.springframework.beans.factory.annotation.RequiredAnnotationBeanPostProcessor"/>

    <!-- define data access beans -->
    <bean id="ecommerceDao" class="com.af.core.dao.hibernate.EcommerceDaoImpl">
      <property name="sessionFactory" ref="sessionFactory"/>
    </bean>

    <!-- END HIBERNATE CONFIG -->
    <!-- Config Service -->
    <bean id="ecommerceService" class="com.af.core.services.hibernate.EcommerceServiceImpl">
      <property name="ecommerceDao"><ref bean="ecommerceDao"/></property>
    </bean>
</beans>