<?xml version="1.0" encoding="UTF-8" ?>

<!DOCTYPE sqlMap
        PUBLIC "-//ibatis.apache.org//DTD SQL Map 2.0//EN"
        "http://ibatis.apache.org/dtd/sql-map-2.dtd">

<sqlMap namespace="Products">

	<typeAlias alias="products" type="com.af.core.domain.Products"/>

    <resultMap id="productsResult" class="products">
        <result property="productID"             column="ProductID"/>
        <result property="SKU"                   column="SKU" />
        <result property="productName" 	         column="ProductName" />
        <result property="productDescription"    column="ProductDescription" />
        <result property="supplierID"            column="SupplierID" />
        <result property="categoryID"            column="CategoryID" />
        <result property="unitQuantity"          column="UnitQuantity" />
        <result property="unitPrice"             column="UnitPrice" />
        <result property="MSRP"                  column="MSRP" />
        <result property="availableSize"         column="AvailableSize" />
        <result property="availableColors"       column="AvailableColors" />
        <result property="size"                  column="Size" />
        <result property="color"                 column="Color" />
        <result property="image"                 column="Image" />
    </resultMap>
    
    <sql id="products_table" >
        products
    </sql>
    
    <select id="getProducts" resultMap="productsResult" parameterClass="products">
        select * from <include refid="products_table"/>
    </select>
    
    <insert id="insertProduct" parameterClass="products">
    	
        insert into <include refid="products_table"/>(SKU)
                          values(#SKU#)
		<selectKey resultClass="int">
            SELECT distinct last_insert_id() FROM <include refid="products_table" />
        </selectKey>
    </insert>
    
	<update id="updateProduct" parameterClass="products">
        update <include refid="products_table"/>
           set SKU 	= #SKU#
        where ProductID = #productID#
    </update>
    
    <delete id="deleteProduct" parameterClass="int">
        delete from <include refid="products_table"/> where ProductID = #value#
    </delete>
</sqlMap>