<?xml version="1.0" encoding="UTF-8"?>
 <beans xmlns="http://www.springframework.org/schema/beans"
 xmlns:xsi="http://www.w3.org/2001/XMLSchema-instance"
 xmlns:security="http://www.springframework.org/schema/security"
 xsi:schemaLocation="
 http://www.springframework.org/schema/beans 
 http://www.springframework.org/schema/beans/spring-beans-2.5.xsd
 http://www.springframework.org/schema/security 
 http://www.springframework.org/schema/security/spring-security-2.0.xsd">
 
 <security:http auto-config="true">
     <security:intercept-url pattern="index.html" filters="none"/>
     <security:intercept-url pattern="*.swf" filters="none"/>
     <security:intercept-url pattern="*.html" access="ROLE_USER"/>
 </security:http>
 
 <security:authentication-provider>
     <security:user-service>
         <security:user name="katiebug" password="test" authorities="ROLE_USER, ROLE_ADMIN"/>
         <security:user name="colie" password="test" authorities="ROLE_USER"/>
     </security:user-service>
 </security:authentication-provider>
 
</beans>